{
  "properties": {
    "connectionReferences": {},
    "definition": {
      "$schema": "https://schema.management.azure.com/providers/Microsoft.Logic/schemas/2016-06-01/workflowdefinition.json#",
      "contentVersion": "1.0.0.0",
      "parameters": {
        "$authentication": {
          "defaultValue": {},
          "type": "SecureObject"
        },
        "$connections": {
          "defaultValue": {},
          "type": "Object"
        }
      },
      "triggers": {
        "manual": {
          "metadata": {},
          "type": "Request",
          "kind": "Http",
          "inputs": {
            "schema": {
              "type": "object",
              "properties": {
                "Amount": {
                  "type": "number"
                }
              }
            },
            "method": "POST",
            "triggerAuthenticationType": "Tenant"
          }
        }
      },
      "actions": {
        "Calculate_Taxes": {
          "runAfter": {},
          "type": "Compose",
          "inputs": "@mul(triggerBody()?['Amount'], 0.08)"
        },
        "Return_Taxes": {
          "runAfter": {
            "Calculate_Taxes": [
              "Succeeded"
            ]
          },
          "type": "Response",
          "kind": "Http",
          "inputs": {
            "statusCode": 200,
            "body": {
              "Taxes": "@outputs('Calculate_Taxes')"
            }
          }
        }
      },
      "outputs": {}
    },
    "templateName": null
  },
  "schemaVersion": "1.0.0.0"
}