{
  "properties": {
    "connectionReferences": {
      "shared_office365": {
        "runtimeSource": "invoker",
        "connection": {
          "connectionReferenceLogicalName": "cr916_sharedoffice365_b2160"
        },
        "api": {
          "name": "shared_office365"
        }
      }
    },
    "definition": {
      "$schema": "https://schema.management.azure.com/providers/Microsoft.Logic/schemas/2016-06-01/workflowdefinition.json#",
      "contentVersion": "undefined",
      "parameters": {
        "$authentication": {
          "defaultValue": {},
          "type": "SecureObject"
        },
        "$connections": {
          "defaultValue": {},
          "type": "Object"
        }
      },
      "triggers": {
        "manual": {
          "type": "Request",
          "kind": "Button",
          "inputs": {
            "schema": {
              "type": "object",
              "properties": {
                "number": {
                  "description": "Please enter a number",
                  "title": "Total Sales",
                  "type": "number",
                  "x-ms-content-hint": "NUMBER",
                  "x-ms-dynamically-added": true
                },
                "number_1": {
                  "description": "Please enter a number",
                  "title": "Number of Days",
                  "type": "number",
                  "x-ms-content-hint": "NUMBER",
                  "x-ms-dynamically-added": true
                }
              },
              "required": [
                "number",
                "number_1"
              ]
            }
          }
        }
      },
      "actions": {
        "TRY_Calculate_Avg": {
          "actions": {
            "Calc_Daily_Sales_Average": {
              "type": "Compose",
              "inputs": "@div(triggerBody()?['number'], triggerBody()?['number_1'])"
            },
            "Log_Success": {
              "runAfter": {
                "Calc_Daily_Sales_Average": [
                  "Succeeded"
                ]
              },
              "type": "Compose",
              "inputs": "Calculation Successful!"
            }
          },
          "runAfter": {
            "Initialize_Error_Message": [
              "Succeeded"
            ]
          },
          "type": "Scope"
        },
        "CATCH_Handle_Error": {
          "actions": {
            "Log_Error": {
              "runAfter": {
                "Update_Error_Message": [
                  "Succeeded"
                ]
              },
              "type": "Compose",
              "inputs": {
                "Error": "Division by zero detected",
                "TotalSales": "@triggerBody()?['number']",
                "NumberOfDays": "@triggerBody()?['number_1']",
                "Timestamp": "@utcNow()",
                "FlowRun": "@workflow().run.name"
              }
            },
            "Send_an_email_-_Notify_Admin": {
              "runAfter": {
                "Log_Error": [
                  "Succeeded"
                ]
              },
              "type": "OpenApiConnection",
              "inputs": {
                "parameters": {
                  "emailMessage/To": "marianog@maximumglobal.biz",
                  "emailMessage/Subject": "⚠️ Flow Error: Division by Zero",
                  "emailMessage/Body": "<p class=\"editor-paragraph\">Error in Calculate Commission Flow:<br><br>@{outputs('Log_Error')}</p><br><p class=\"editor-paragraph\">The flow has handled the error.</p>",
                  "emailMessage/Importance": "High"
                },
                "host": {
                  "apiId": "/providers/Microsoft.PowerApps/apis/shared_office365",
                  "connectionName": "shared_office365",
                  "operationId": "SendEmailV2"
                },
                "authentication": {
                  "value": "@json(decodeBase64(triggerOutputs().headers['X-MS-APIM-Tokens']))['$ConnectionKey']",
                  "type": "Raw"
                }
              }
            },
            "Update_Error_Message": {
              "type": "SetVariable",
              "inputs": {
                "name": "strErrorMessage",
                "value": "Cannot calculate average - Division by zero! Number of days is zero."
              }
            }
          },
          "runAfter": {
            "TRY_Calculate_Avg": [
              "TimedOut",
              "Skipped",
              "Failed"
            ]
          },
          "type": "Scope"
        },
        "FINALLY_Always_Execute": {
          "actions": {
            "Check_If_Error": {
              "actions": {
                "Send_Report_With_Error": {
                  "type": "OpenApiConnection",
                  "inputs": {
                    "parameters": {
                      "emailMessage/To": "marianog@maximumglobal.biz",
                      "emailMessage/Subject": "Daily Sales Report (With Issues)",
                      "emailMessage/Body": "<p class=\"editor-paragraph\">⚠️ Note: Could not calculate average due to missing data</p><br><p class=\"editor-paragraph\">Error: @{variables('strErrorMessage')}<br>Total Sales: $ @{triggerBody()?['number']}<br>Days in Period: @{triggerBody()?['number_1']}<br>               <br>Please update the days count and run again.</p>",
                      "emailMessage/Importance": "High"
                    },
                    "host": {
                      "apiId": "/providers/Microsoft.PowerApps/apis/shared_office365",
                      "connectionName": "shared_office365",
                      "operationId": "SendEmailV2"
                    },
                    "authentication": {
                      "value": "@json(decodeBase64(triggerOutputs().headers['X-MS-APIM-Tokens']))['$ConnectionKey']",
                      "type": "Raw"
                    }
                  }
                }
              },
              "else": {
                "actions": {
                  "Send_Report_Success": {
                    "type": "OpenApiConnection",
                    "inputs": {
                      "parameters": {
                        "emailMessage/To": "marianog@maximumglobal.biz",
                        "emailMessage/Subject": "Daily Sales Report",
                        "emailMessage/Body": "<p class=\"editor-paragraph\">Daily Sales Report</p><br><p class=\"editor-paragraph\">Total Sales: $ @{triggerBody()?['number']}<br>Days in Period: @{triggerBody()?['number_1']}<br>Daily Average: $ @{outputs('Calc_Daily_Sales_Average')}<br>               <br>All calculations completed successfully.</p>",
                        "emailMessage/Importance": "High"
                      },
                      "host": {
                        "apiId": "/providers/Microsoft.PowerApps/apis/shared_office365",
                        "connectionName": "shared_office365",
                        "operationId": "SendEmailV2"
                      },
                      "authentication": {
                        "value": "@json(decodeBase64(triggerOutputs().headers['X-MS-APIM-Tokens']))['$ConnectionKey']",
                        "type": "Raw"
                      }
                    }
                  }
                }
              },
              "expression": {
                "and": [
                  {
                    "not": {
                      "equals": [
                        "@variables('strErrorMessage')",
                        ""
                      ]
                    }
                  }
                ]
              },
              "type": "If"
            }
          },
          "runAfter": {
            "CATCH_Handle_Error": [
              "Succeeded",
              "TimedOut",
              "Skipped",
              "Failed"
            ]
          },
          "type": "Scope"
        },
        "Initialize_Error_Message": {
          "runAfter": {},
          "type": "InitializeVariable",
          "inputs": {
            "variables": [
              {
                "name": "strErrorMessage",
                "type": "string"
              }
            ]
          }
        }
      }
    },
    "templateName": null
  },
  "schemaVersion": "1.0.0.0"
}