{
  "properties": {
    "connectionReferences": {
      "shared_sharepointonline": {
        "api": {
          "name": "shared_sharepointonline"
        },
        "connection": {
          "connectionReferenceLogicalName": "new_sharedsharepointonline_0c8ad"
        },
        "runtimeSource": "invoker"
      },
      "shared_office365": {
        "api": {
          "name": "shared_office365"
        },
        "connection": {
          "connectionReferenceLogicalName": "new_sharedoffice365_a0b19"
        },
        "runtimeSource": "invoker"
      }
    },
    "definition": {
      "$schema": "https://schema.management.azure.com/providers/Microsoft.Logic/schemas/2016-06-01/workflowdefinition.json#",
      "contentVersion": "undefined",
      "parameters": {
        "$authentication": {
          "defaultValue": {},
          "type": "SecureObject"
        },
        "$connections": {
          "defaultValue": {},
          "type": "Object"
        }
      },
      "staticResults": {
        "Send_an_email_(V2)0": {
          "status": "Succeeded",
          "outputs": {
            "statusCode": "OK"
          }
        },
        "Send_Promo_Code0": {
          "status": "Succeeded",
          "outputs": {
            "statusCode": "OK"
          }
        }
      },
      "triggers": {
        "manual": {
          "type": "Request",
          "kind": "Button",
          "inputs": {
            "schema": {
              "type": "object",
              "properties": {},
              "required": []
            }
          }
        }
      },
      "actions": {
        "Get_Items": {
          "type": "OpenApiConnection",
          "inputs": {
            "parameters": {
              "dataset": "https://sevencolorsgroup-my.sharepoint.com/personal/marianog_maximumglobal_biz",
              "table": "94dbdd5f-1611-4a3c-87bf-f3385163246b",
              "$top": 500
            },
            "host": {
              "apiId": "/providers/Microsoft.PowerApps/apis/shared_sharepointonline",
              "operationId": "GetItems",
              "connectionName": "shared_sharepointonline"
            }
          },
          "runAfter": {}
        },
        "Apply_to_Each": {
          "type": "Foreach",
          "foreach": "@outputs('Get_Items')?['body/value']",
          "actions": {
            "Append_to_Array": {
              "type": "AppendToArrayVariable",
              "inputs": {
                "name": "varArray",
                "value": {
                  "Customer Id": "@items('Apply_to_Each')?['CustomerID']",
                  "Customer Name": "@{items('Apply_to_Each')?['CustomerName']}"
                }
              }
            }
          },
          "runAfter": {
            "Initialize_Array": [
              "Succeeded"
            ]
          },
          "runtimeConfiguration": {
            "concurrency": {
              "repetitions": 50
            }
          }
        },
        "Initialize_Array": {
          "type": "InitializeVariable",
          "inputs": {
            "variables": [
              {
                "name": "varArray",
                "type": "array"
              }
            ]
          },
          "runAfter": {
            "Get_Items": [
              "Succeeded"
            ]
          }
        },
        "Compose": {
          "type": "Compose",
          "inputs": "@createArray(union(variables('varArray'), variables('varArray')))",
          "runAfter": {
            "Apply_to_Each": [
              "Succeeded"
            ]
          }
        },
        "Apply_To_Each_2": {
          "type": "Foreach",
          "foreach": "@variables('varArray')",
          "actions": {
            "Send_Email_(v2)": {
              "type": "OpenApiConnection",
              "inputs": {
                "parameters": {
                  "emailMessage/To": "marianog@maximumglobal.biz",
                  "emailMessage/Subject": "Enjoy a 15% discount on us!",
                  "emailMessage/Body": "<p class=\"editor-paragraph\">Dear @{item()?['Customer Name']},</p><br><p class=\"editor-paragraph\">Use promocode OCTOBER15%OFF, for the month of October on all product purchases!</p>",
                  "emailMessage/Importance": "High"
                },
                "host": {
                  "apiId": "/providers/Microsoft.PowerApps/apis/shared_office365",
                  "operationId": "SendEmailV2",
                  "connectionName": "shared_office365"
                }
              },
              "runtimeConfiguration": {
                "staticResult": {
                  "staticResultOptions": "Enabled",
                  "name": "Send_Promo_Code0"
                }
              }
            }
          },
          "runAfter": {
            "Compose": [
              "Succeeded"
            ]
          },
          "runtimeConfiguration": {
            "concurrency": {
              "repetitions": 50
            }
          }
        }
      }
    },
    "templateName": null
  },
  "schemaVersion": "1.0.0.0"
}