{
  "properties": {
    "connectionReferences": {
      "shared_sharepointonline": {
        "runtimeSource": "embedded",
        "connection": {
          "connectionReferenceLogicalName": "cr916_sharedsharepointonline_1decc"
        },
        "api": {
          "name": "shared_sharepointonline"
        }
      },
      "shared_office365": {
        "runtimeSource": "embedded",
        "connection": {
          "connectionReferenceLogicalName": "cr916_sharedoffice365_b2160"
        },
        "api": {
          "name": "shared_office365"
        }
      }
    },
    "definition": {
      "$schema": "https://schema.management.azure.com/providers/Microsoft.Logic/schemas/2016-06-01/workflowdefinition.json#",
      "contentVersion": "1.0.0.0",
      "parameters": {
        "$authentication": {
          "defaultValue": {},
          "type": "SecureObject"
        },
        "$connections": {
          "defaultValue": {},
          "type": "Object"
        }
      },
      "triggers": {
        "When_an_Invoice_Is_Created": {
          "recurrence": {
            "frequency": "Minute",
            "interval": 1
          },
          "evaluatedRecurrence": {
            "frequency": "Minute",
            "interval": 1
          },
          "splitOn": "@triggerOutputs()?['body/value']",
          "type": "OpenApiConnection",
          "inputs": {
            "parameters": {
              "dataset": "https://sevencolorsgroup-my.sharepoint.com/personal/marianog_maximumglobal_biz",
              "table": "94dbdd5f-1611-4a3c-87bf-f3385163246b"
            },
            "host": {
              "apiId": "/providers/Microsoft.PowerApps/apis/shared_sharepointonline",
              "connectionName": "shared_sharepointonline",
              "operationId": "GetOnUpdatedItems"
            },
            "authentication": "@parameters('$authentication')"
          }
        }
      },
      "actions": {
        "For_Each_Pending_Invoice": {
          "foreach": "@triggerOutputs()?['body/value']",
          "actions": {
            "Check_Approval_Limit": {
              "actions": {},
              "else": {
                "actions": {}
              },
              "expression": {
                "and": [
                  {
                    "equals": [
                      "",
                      ""
                    ]
                  }
                ]
              },
              "type": "If"
            }
          },
          "runAfter": {
            "Initialize_Invoice_Number": [
              "Succeeded"
            ]
          },
          "type": "Foreach"
        },
        "Compose_Format_Currency": {
          "runAfter": {
            "For_Each_Pending_Invoice": [
              "Succeeded"
            ]
          },
          "type": "Compose",
          "inputs": {
            "My compose 1": "Some value"
          }
        },
        "Compose_Build_Approval_Summary": {
          "runAfter": {
            "Compose_Format_Currency": [
              "Succeeded"
            ]
          },
          "type": "Compose",
          "inputs": {
            "My compose 2": "Some value"
          }
        },
        "Send_to_Manager": {
          "runAfter": {
            "Compose_Build_Approval_Summary": [
              "Succeeded"
            ]
          },
          "type": "OpenApiConnection",
          "inputs": {
            "parameters": {
              "emailMessage/To": "marianog@maximumglobal.biz",
              "emailMessage/Subject": "Naming Convention Nightmare!",
              "emailMessage/Body": "<p class=\"editor-paragraph\">Clean this naming convention up!</p>",
              "emailMessage/Importance": "Normal"
            },
            "host": {
              "apiId": "/providers/Microsoft.PowerApps/apis/shared_office365",
              "connectionName": "shared_office365",
              "operationId": "SendEmailV2"
            },
            "authentication": "@parameters('$authentication')"
          }
        },
        "Initialize_Invoice_Number": {
          "runAfter": {},
          "type": "InitializeVariable",
          "inputs": {
            "variables": [
              {
                "name": "strInvoiceNumber",
                "type": "string",
                "value": "0"
              }
            ]
          }
        }
      },
      "outputs": {}
    },
    "templateName": null
  },
  "schemaVersion": "1.0.0.0"
}