{
  "properties": {
    "connectionReferences": {
      "shared_office365": {
        "runtimeSource": "invoker",
        "connection": {
          "connectionReferenceLogicalName": "cr916_sharedoffice365_b2160"
        },
        "api": {
          "name": "shared_office365"
        }
      }
    },
    "definition": {
      "$schema": "https://schema.management.azure.com/providers/Microsoft.Logic/schemas/2016-06-01/workflowdefinition.json#",
      "contentVersion": "undefined",
      "parameters": {
        "$authentication": {
          "defaultValue": {},
          "type": "SecureObject"
        },
        "$connections": {
          "defaultValue": {},
          "type": "Object"
        }
      },
      "triggers": {
        "manual": {
          "type": "Request",
          "kind": "Button",
          "inputs": {
            "schema": {
              "type": "object",
              "properties": {
                "number": {
                  "description": "Please enter a number",
                  "title": "Total Sales",
                  "type": "number",
                  "x-ms-content-hint": "NUMBER",
                  "x-ms-dynamically-added": true
                },
                "number_1": {
                  "description": "Please enter a number",
                  "title": "Number of Days",
                  "type": "number",
                  "x-ms-content-hint": "NUMBER",
                  "x-ms-dynamically-added": true
                }
              },
              "required": [
                "number",
                "number_1"
              ]
            }
          }
        }
      },
      "actions": {
        "Calc_Daily_Sales_Average": {
          "runAfter": {},
          "type": "Compose",
          "inputs": "@div(triggerBody()?['number'], triggerBody()?['number_1'])"
        },
        "Notify_Manager": {
          "runAfter": {
            "Calc_Daily_Sales_Average": [
              "Succeeded"
            ]
          },
          "type": "OpenApiConnection",
          "inputs": {
            "parameters": {
              "emailMessage/To": "marianog@maximumglobal.biz",
              "emailMessage/Subject": "Daily Sales Average",
              "emailMessage/Body": "<p class=\"editor-paragraph\">The daily sales average is @{outputs('Calc_Daily_Sales_Average')}</p>",
              "emailMessage/Importance": "High"
            },
            "host": {
              "apiId": "/providers/Microsoft.PowerApps/apis/shared_office365",
              "connectionName": "shared_office365",
              "operationId": "SendEmailV2"
            },
            "authentication": {
              "value": "@json(decodeBase64(triggerOutputs().headers['X-MS-APIM-Tokens']))['$ConnectionKey']",
              "type": "Raw"
            }
          }
        }
      }
    },
    "templateName": null
  },
  "schemaVersion": "1.0.0.0"
}