{
  "properties": {
    "connectionReferences": {
      "shared_sharepointonline": {
        "runtimeSource": "invoker",
        "connection": {
          "connectionReferenceLogicalName": "cr916_sharedsharepointonline_1decc"
        },
        "api": {
          "name": "shared_sharepointonline"
        }
      }
    },
    "definition": {
      "$schema": "https://schema.management.azure.com/providers/Microsoft.Logic/schemas/2016-06-01/workflowdefinition.json#",
      "contentVersion": "undefined",
      "parameters": {
        "$authentication": {
          "defaultValue": {},
          "type": "SecureObject"
        },
        "$connections": {
          "defaultValue": {},
          "type": "Object"
        }
      },
      "triggers": {
        "manual": {
          "type": "Request",
          "kind": "Button",
          "inputs": {
            "schema": {
              "type": "object",
              "properties": {},
              "required": []
            }
          }
        }
      },
      "actions": {
        "Get_Invoices": {
          "runAfter": {},
          "type": "OpenApiConnection",
          "inputs": {
            "parameters": {
              "dataset": "https://sevencolorsgroup-my.sharepoint.com/personal/marianog_maximumglobal_biz",
              "table": "94dbdd5f-1611-4a3c-87bf-f3385163246b",
              "$top": 500
            },
            "host": {
              "apiId": "/providers/Microsoft.PowerApps/apis/shared_sharepointonline",
              "connectionName": "shared_sharepointonline",
              "operationId": "GetItems"
            },
            "authentication": {
              "value": "@json(decodeBase64(triggerOutputs().headers['X-MS-APIM-Tokens']))['$ConnectionKey']",
              "type": "Raw"
            }
          }
        },
        "For_Each_Invoice": {
          "foreach": "@outputs('Get_Invoices')?['body/value']",
          "actions": {
            "Append_to_Array_of_Invoices": {
              "type": "AppendToArrayVariable",
              "inputs": {
                "name": "arrInvoices",
                "value": {
                  "Invoice Number": "@{items('For_Each_Invoice')?['Title']}",
                  "Invoice Date": "@{items('For_Each_Invoice')?['InvoiceDate']}",
                  "Customer Number": "@{items('For_Each_Invoice')?['CustomerID']}",
                  "Customer Name": "@{items('For_Each_Invoice')?['CustomerName']}",
                  "Subtotal": "@items('For_Each_Invoice')?['Subtotal']",
                  "Taxes": "@items('For_Each_Invoice')?['Taxes']",
                  "Freight": "@items('For_Each_Invoice')?['Freight']",
                  "Invoice Total": "@items('For_Each_Invoice')?['Total']"
                }
              }
            },
            "Compute_Total_of_All_Invoices": {
              "runAfter": {
                "Append_to_Array_of_Invoices": [
                  "Succeeded"
                ]
              },
              "type": "IncrementVariable",
              "inputs": {
                "name": "fltTotalInvoice",
                "value": "@float(items('For_Each_Invoice')?['Total'])"
              }
            }
          },
          "runAfter": {
            "Initialize_Total_All_Invoices": [
              "Succeeded"
            ]
          },
          "type": "Foreach"
        },
        "Initialize_Array_of_Invoices": {
          "runAfter": {
            "Get_Invoices": [
              "Succeeded"
            ]
          },
          "type": "InitializeVariable",
          "inputs": {
            "variables": [
              {
                "name": "arrInvoices",
                "type": "array"
              }
            ]
          }
        },
        "Initialize_Total_All_Invoices": {
          "runAfter": {
            "Initialize_Array_of_Invoices": [
              "Succeeded"
            ]
          },
          "type": "InitializeVariable",
          "inputs": {
            "variables": [
              {
                "name": "fltTotalInvoice",
                "type": "float",
                "value": 0
              }
            ]
          }
        }
      }
    },
    "templateName": null
  },
  "schemaVersion": "1.0.0.0"
}