{
  "properties": {
    "connectionReferences": {
      "shared_office365": {
        "runtimeSource": "invoker",
        "connection": {
          "connectionReferenceLogicalName": "cr916_sharedoffice365_b2160"
        },
        "api": {
          "name": "shared_office365"
        }
      }
    },
    "definition": {
      "$schema": "https://schema.management.azure.com/providers/Microsoft.Logic/schemas/2016-06-01/workflowdefinition.json#",
      "contentVersion": "undefined",
      "parameters": {
        "$authentication": {
          "defaultValue": {},
          "type": "SecureObject"
        },
        "$connections": {
          "defaultValue": {},
          "type": "Object"
        }
      },
      "triggers": {
        "manual": {
          "metadata": {
            "operationMetadataId": "0f5bf3b4-3b42-47d7-b1ef-386d5ce6d9a3"
          },
          "type": "Request",
          "kind": "Button",
          "inputs": {
            "schema": {
              "type": "object",
              "properties": {},
              "required": []
            }
          }
        }
      },
      "actions": {
        "Initialize_Customer_Email": {
          "runAfter": {},
          "metadata": {
            "operationMetadataId": "2458e425-bff6-44e1-8f94-4ee288babfde"
          },
          "type": "InitializeVariable",
          "inputs": {
            "variables": [
              {
                "name": "strCustomerEmail",
                "type": "string"
              }
            ]
          }
        },
        "Initialize_Order_Date": {
          "runAfter": {
            "Initialize_Customer_Email": [
              "Succeeded"
            ]
          },
          "metadata": {
            "operationMetadataId": "873cad5c-478d-4484-ab06-e707b96df86f"
          },
          "type": "InitializeVariable",
          "inputs": {
            "variables": [
              {
                "name": "strOrderDate",
                "type": "string"
              }
            ]
          }
        },
        "Initialize_Discount_Code": {
          "runAfter": {
            "Initialize_Order_Date": [
              "Succeeded"
            ]
          },
          "metadata": {
            "operationMetadataId": "4d397e2d-378a-48ed-b5fe-0df8de877f8b"
          },
          "type": "InitializeVariable",
          "inputs": {
            "variables": [
              {
                "name": "strDiscountCode",
                "type": "string"
              }
            ]
          }
        },
        "Initialize_Final_Email": {
          "runAfter": {
            "Initialize_Discount_Code": [
              "Succeeded"
            ]
          },
          "metadata": {
            "operationMetadataId": "bf0b22ec-9c51-4a27-9138-6e3e3655691e"
          },
          "type": "InitializeVariable",
          "inputs": {
            "variables": [
              {
                "name": "strFinalEmail",
                "type": "string"
              }
            ]
          }
        },
        "Initialize_Final_Date": {
          "runAfter": {
            "Initialize_Final_Email": [
              "Succeeded"
            ]
          },
          "metadata": {
            "operationMetadataId": "b6347e2f-5303-44dd-a953-043db1c5efc6"
          },
          "type": "InitializeVariable",
          "inputs": {
            "variables": [
              {
                "name": "strFinalDate",
                "type": "string"
              }
            ]
          }
        },
        "Initialize_Final_Discount": {
          "runAfter": {
            "Initialize_Final_Date": [
              "Succeeded"
            ]
          },
          "metadata": {
            "operationMetadataId": "0758e4e2-bac4-4065-9733-803d87d8d0f2"
          },
          "type": "InitializeVariable",
          "inputs": {
            "variables": [
              {
                "name": "strFinalDiscount",
                "type": "string"
              }
            ]
          }
        },
        "Check_Email": {
          "actions": {
            "Set_NoReply_Email": {
              "metadata": {
                "operationMetadataId": "739f3e35-ad04-4418-b24c-2e0430e47f1d"
              },
              "type": "SetVariable",
              "inputs": {
                "name": "strFinalEmail",
                "value": "marianog@maximumglobal.biz"
              }
            }
          },
          "runAfter": {
            "Initialize_Final_Discount": [
              "Succeeded"
            ]
          },
          "else": {
            "actions": {
              "Set_Customer_Email": {
                "metadata": {
                  "operationMetadataId": "b9b73627-e776-4cda-952f-9e3f3e0cc76d"
                },
                "type": "SetVariable",
                "inputs": {
                  "name": "strFinalEmail",
                  "value": "@variables('strCustomerEmail')"
                }
              }
            }
          },
          "expression": {
            "or": [
              {
                "equals": [
                  "@variables('strCustomerEmail')",
                  "@null"
                ]
              },
              {
                "equals": [
                  "@variables('strCustomerEmail')",
                  ""
                ]
              }
            ]
          },
          "metadata": {
            "operationMetadataId": "64f38cd9-5c03-4f2c-a661-a87b5ea12c4e"
          },
          "type": "If"
        },
        "Check_Order_Date": {
          "actions": {
            "Set_Current_Date": {
              "metadata": {
                "operationMetadataId": "ef1be2a6-00aa-4f12-9cd7-dd0984ecf6d3"
              },
              "type": "SetVariable",
              "inputs": {
                "name": "strOrderDate",
                "value": "@utcNow()"
              }
            }
          },
          "runAfter": {
            "Check_Email": [
              "Succeeded"
            ]
          },
          "else": {
            "actions": {
              "Set_Order_Date": {
                "metadata": {
                  "operationMetadataId": "20a75e19-5744-4691-bcd0-bca064c96666"
                },
                "type": "SetVariable",
                "inputs": {
                  "name": "strFinalDate",
                  "value": "@variables('strOrderDate')"
                }
              }
            }
          },
          "expression": {
            "or": [
              {
                "equals": [
                  "@variables('strOrderDate')",
                  "@null"
                ]
              },
              {
                "equals": [
                  "@variables('strOrderDate')",
                  ""
                ]
              }
            ]
          },
          "metadata": {
            "operationMetadataId": "32dc392e-3ced-4f3c-9711-a5b7cc88a6c6"
          },
          "type": "If"
        },
        "Check_Discount_Code": {
          "actions": {
            "Set_Standard_Discount_Code": {
              "metadata": {
                "operationMetadataId": "fb79a87a-fcd4-400f-a04e-0419a7842c16"
              },
              "type": "SetVariable",
              "inputs": {
                "name": "strFinalDiscount",
                "value": "5%OFFEVERYDAY"
              }
            }
          },
          "runAfter": {
            "Check_Order_Date": [
              "Succeeded"
            ]
          },
          "else": {
            "actions": {
              "Set_Discount_Code": {
                "metadata": {
                  "operationMetadataId": "95256e56-8eb3-4353-a728-3962b9caa700"
                },
                "type": "SetVariable",
                "inputs": {
                  "name": "strFinalDiscount",
                  "value": "@variables('strDiscountCode')"
                }
              }
            }
          },
          "expression": {
            "or": [
              {
                "equals": [
                  "@variables('strDiscountCode')",
                  "@null"
                ]
              },
              {
                "equals": [
                  "@variables('strDiscountCode')",
                  ""
                ]
              }
            ]
          },
          "metadata": {
            "operationMetadataId": "01ab0ef5-394e-4b80-b434-2ec9da477724"
          },
          "type": "If"
        },
        "Send_Email": {
          "runAfter": {
            "Check_Discount_Code": [
              "Succeeded"
            ]
          },
          "type": "OpenApiConnection",
          "inputs": {
            "parameters": {
              "emailMessage/To": "@variables('strFinalEmail')",
              "emailMessage/Subject": "Order Confirmation - @{variables('strFinalDate')}",
              "emailMessage/Body": "<p class=\"editor-paragraph\">Order Date: @{variables('strFinalDate')}<br>Discount Applied: @{variables('strFinalDiscount')}</p>",
              "emailMessage/Importance": "Normal"
            },
            "host": {
              "apiId": "/providers/Microsoft.PowerApps/apis/shared_office365",
              "connectionName": "shared_office365",
              "operationId": "SendEmailV2"
            },
            "authentication": {
              "value": "@json(decodeBase64(triggerOutputs().headers['X-MS-APIM-Tokens']))['$ConnectionKey']",
              "type": "Raw"
            }
          }
        }
      }
    },
    "templateName": null
  },
  "schemaVersion": "1.0.0.0"
}