{
  "properties": {
    "connectionReferences": {
      "shared_sharepointonline": {
        "runtimeSource": "embedded",
        "connection": {
          "connectionReferenceLogicalName": "new_sharedsharepointonline_0c8ad"
        },
        "api": {
          "name": "shared_sharepointonline"
        }
      },
      "shared_office365": {
        "runtimeSource": "embedded",
        "connection": {
          "connectionReferenceLogicalName": "new_sharedoffice365_a0b19"
        },
        "api": {
          "name": "shared_office365"
        }
      }
    },
    "definition": {
      "$schema": "https://schema.management.azure.com/providers/Microsoft.Logic/schemas/2016-06-01/workflowdefinition.json#",
      "contentVersion": "undefined",
      "parameters": {
        "$authentication": {
          "defaultValue": {},
          "type": "SecureObject"
        },
        "$connections": {
          "defaultValue": {},
          "type": "Object"
        }
      },
      "staticResults": {
        "Send_an_email_(V2)0": {
          "status": "Succeeded",
          "outputs": {
            "statusCode": "OK"
          }
        },
        "Send_Promo_Code0": {
          "status": "Succeeded",
          "outputs": {
            "statusCode": "OK"
          }
        }
      },
      "triggers": {
        "Recurrence_-_10:00_AM_Daily": {
          "recurrence": {
            "interval": 1,
            "frequency": "Day",
            "timeZone": "Eastern Standard Time",
            "schedule": {
              "hours": [
                "10"
              ],
              "minutes": [
                0
              ]
            }
          },
          "type": "Recurrence",
          "description": "Per CRO's request, promo codes go out everday at 10:00 AM EST"
        }
      },
      "actions": {
        "Retrieve_Customer_Invoices": {
          "runAfter": {},
          "type": "OpenApiConnection",
          "inputs": {
            "parameters": {
              "dataset": "https://sevencolorsgroup-my.sharepoint.com/personal/marianog_maximumglobal_biz",
              "table": "94dbdd5f-1611-4a3c-87bf-f3385163246b",
              "$top": 500
            },
            "host": {
              "apiId": "/providers/Microsoft.PowerApps/apis/shared_sharepointonline",
              "operationId": "GetItems",
              "connectionName": "shared_sharepointonline"
            }
          },
          "description": "Retrieves the top 500 invoices from our SharePoint list"
        },
        "For_Each_Invoice": {
          "foreach": "@outputs('Retrieve_Customer_Invoices')?['body/value']",
          "actions": {
            "Append_to_Array_of_Customers": {
              "type": "AppendToArrayVariable",
              "inputs": {
                "name": "arrCustomers",
                "value": {
                  "Customer Id": "@items('For_Each_Invoice')?['CustomerID']",
                  "Customer Name": "@{items('For_Each_Invoice')?['CustomerName']}"
                }
              },
              "description": "Add the Customer ID and Customer Name to the array"
            }
          },
          "runAfter": {
            "Initialize_Customers_Array": [
              "Succeeded"
            ]
          },
          "type": "Foreach",
          "description": "For each invoice in the list, we will iterate to obtain the Customer ID and Customer Name. These will be appended to the arrCustomers array",
          "runtimeConfiguration": {
            "concurrency": {
              "repetitions": 50
            }
          }
        },
        "Initialize_Customers_Array": {
          "runAfter": {
            "Retrieve_Customer_Invoices": [
              "Succeeded"
            ]
          },
          "type": "InitializeVariable",
          "inputs": {
            "variables": [
              {
                "name": "arrCustomers",
                "type": "array"
              }
            ]
          },
          "description": "Will store [Customer Id] and [Customer Name] columns from SharePoint list of customer invoices"
        },
        "Create_Array_of_Unique_Customers": {
          "runAfter": {
            "For_Each_Invoice": [
              "Succeeded"
            ]
          },
          "type": "Compose",
          "inputs": "@createArray(union(variables('arrCustomers'), variables('arrCustomers')))",
          "description": "In this step, we use the union() function to calculate a unique set of customers. The result is then used to create a unique list with the createArray() function."
        },
        "For_Each_Unique_Customer": {
          "foreach": "@variables('arrCustomers')",
          "actions": {
            "Send_Promo_Code": {
              "type": "OpenApiConnection",
              "inputs": {
                "parameters": {
                  "emailMessage/To": "marianog@maximumglobal.biz",
                  "emailMessage/Subject": "Enjoy a 15% discount on us!",
                  "emailMessage/Body": "<p class=\"editor-paragraph\">Dear @{item()?['Customer Name']},</p><br><p class=\"editor-paragraph\">Use promocode OCTOBER15%OFF, for the month of October on all product purchases!</p>",
                  "emailMessage/Importance": "High"
                },
                "host": {
                  "apiId": "/providers/Microsoft.PowerApps/apis/shared_office365",
                  "operationId": "SendEmailV2",
                  "connectionName": "shared_office365"
                }
              },
              "description": "Send promotional code email.",
              "runtimeConfiguration": {
                "staticResult": {
                  "staticResultOptions": "Enabled",
                  "name": "Send_Promo_Code0"
                }
              }
            }
          },
          "runAfter": {
            "Create_Array_of_Unique_Customers": [
              "Succeeded"
            ]
          },
          "type": "Foreach",
          "description": "For each unique customer, we will generate and send a promotional code email for customers to use against future purchases, according to policies established by Revenue team on September 15, 2025 management meating.",
          "runtimeConfiguration": {
            "concurrency": {
              "repetitions": 50
            }
          }
        }
      }
    },
    "templateName": null
  },
  "schemaVersion": "1.0.0.0"
}