{
  "properties": {
    "connectionReferences": {
      "shared_office365": {
        "runtimeSource": "invoker",
        "connection": {
          "connectionReferenceLogicalName": "cr916_sharedoffice365_b2160"
        },
        "api": {
          "name": "shared_office365"
        }
      }
    },
    "definition": {
      "$schema": "https://schema.management.azure.com/providers/Microsoft.Logic/schemas/2016-06-01/workflowdefinition.json#",
      "contentVersion": "undefined",
      "parameters": {
        "$authentication": {
          "defaultValue": {},
          "type": "SecureObject"
        },
        "$connections": {
          "defaultValue": {},
          "type": "Object"
        }
      },
      "triggers": {
        "manual": {
          "metadata": {
            "operationMetadataId": "0f5bf3b4-3b42-47d7-b1ef-386d5ce6d9a3"
          },
          "type": "Request",
          "kind": "Button",
          "inputs": {
            "schema": {
              "type": "object",
              "properties": {},
              "required": []
            }
          }
        }
      },
      "actions": {
        "Initialize_Customer_Email": {
          "runAfter": {},
          "metadata": {
            "operationMetadataId": "2458e425-bff6-44e1-8f94-4ee288babfde"
          },
          "type": "InitializeVariable",
          "inputs": {
            "variables": [
              {
                "name": "strCustomerEmail",
                "type": "string",
                "value": "@null"
              }
            ]
          }
        },
        "Initialize_Order_Date": {
          "runAfter": {
            "Initialize_Customer_Email": [
              "Succeeded"
            ]
          },
          "metadata": {
            "operationMetadataId": "873cad5c-478d-4484-ab06-e707b96df86f"
          },
          "type": "InitializeVariable",
          "inputs": {
            "variables": [
              {
                "name": "strOrderDate",
                "type": "string",
                "value": "@null"
              }
            ]
          }
        },
        "Initialize_Discount_Code": {
          "runAfter": {
            "Initialize_Order_Date": [
              "Succeeded"
            ]
          },
          "metadata": {
            "operationMetadataId": "4d397e2d-378a-48ed-b5fe-0df8de877f8b"
          },
          "type": "InitializeVariable",
          "inputs": {
            "variables": [
              {
                "name": "strDiscountCode",
                "type": "string",
                "value": "@null"
              }
            ]
          }
        },
        "Send_Email": {
          "runAfter": {
            "Initialize_Discount_Code": [
              "Succeeded"
            ]
          },
          "type": "OpenApiConnection",
          "inputs": {
            "parameters": {
              "emailMessage/To": "@coalesce(\r\n  if(\r\n    empty(variables('strCustomerEmail')),\r\n    null,\r\n    variables('strCustomerEmail')\r\n  ),\r\n  'marianog@maximumglobal.biz'\r\n)",
              "emailMessage/Subject": "Order Confirmation - @{coalesce(variables('strOrderDate'), utcNow())}",
              "emailMessage/Body": "<p class=\"editor-paragraph\">Order Date: @{coalesce(variables('strOrderDate'), utcNow())}<br>Discount Applied: @{coalesce(variables('strDiscountCode'), '5%EVERYDAY')}</p>",
              "emailMessage/Importance": "Normal"
            },
            "host": {
              "apiId": "/providers/Microsoft.PowerApps/apis/shared_office365",
              "connectionName": "shared_office365",
              "operationId": "SendEmailV2"
            },
            "authentication": {
              "value": "@json(decodeBase64(triggerOutputs().headers['X-MS-APIM-Tokens']))['$ConnectionKey']",
              "type": "Raw"
            }
          }
        }
      }
    },
    "templateName": null
  },
  "schemaVersion": "1.0.0.0"
}