{
  "properties": {
    "connectionReferences": {},
    "definition": {
      "$schema": "https://schema.management.azure.com/providers/Microsoft.Logic/schemas/2016-06-01/workflowdefinition.json#",
      "contentVersion": "undefined",
      "parameters": {
        "$authentication": {
          "defaultValue": {},
          "type": "SecureObject"
        },
        "$connections": {
          "defaultValue": {},
          "type": "Object"
        }
      },
      "triggers": {
        "manual": {
          "type": "Request",
          "kind": "Button",
          "inputs": {
            "schema": {
              "type": "object",
              "properties": {
                "location": {
                  "type": "object",
                  "properties": {
                    "fullAddress": {
                      "title": "Full address",
                      "type": "string",
                      "x-ms-dynamically-added": false
                    },
                    "address": {
                      "type": "object",
                      "properties": {
                        "countryOrRegion": {
                          "title": "Country/Region",
                          "type": "string",
                          "x-ms-dynamically-added": false
                        },
                        "city": {
                          "title": "City",
                          "type": "string",
                          "x-ms-dynamically-added": false
                        },
                        "state": {
                          "title": "State",
                          "type": "string",
                          "x-ms-dynamically-added": false
                        },
                        "street": {
                          "title": "Street",
                          "type": "string",
                          "x-ms-dynamically-added": false
                        },
                        "postalCode": {
                          "title": "Postal code",
                          "type": "string",
                          "x-ms-dynamically-added": false
                        }
                      },
                      "required": [
                        "countryOrRegion",
                        "city",
                        "state",
                        "street",
                        "postalCode"
                      ]
                    },
                    "coordinates": {
                      "type": "object",
                      "properties": {
                        "latitude": {
                          "title": "Latitude",
                          "type": "number",
                          "x-ms-dynamically-added": false
                        },
                        "longitude": {
                          "title": "Longitude",
                          "type": "number",
                          "x-ms-dynamically-added": false
                        }
                      },
                      "required": [
                        "latitude",
                        "longitude"
                      ]
                    }
                  }
                }
              },
              "required": [
                "location"
              ]
            }
          }
        }
      },
      "actions": {
        "Compose": {
          "runAfter": {},
          "type": "Compose",
          "inputs": "@triggerBody()?['location']?['address']?['city']"
        }
      }
    },
    "templateName": null
  },
  "schemaVersion": "1.0.0.0"
}