<ImportExportXml version="9.2.25093.158" SolutionPackageVersion="9.2" languagecode="1033" generatedBy="CrmLive" xmlns:xsi="http://www.w3.org/2001/XMLSchema-instance" OrganizationVersion="9.2.25093.158" OrganizationSchemaType="Standard" CRMServerServiceabilityVersion="9.2.25093.00158">
  <SolutionManifest>
    <UniqueName>10ThingsIWishedIKnewDemoPack</UniqueName>
    <LocalizedNames>
      <LocalizedName description="10 Things I Wished I Knew Demo Pack" languagecode="1033" />
    </LocalizedNames>
    <Descriptions />
    <Version>1.0.0.1</Version>
    <Managed>0</Managed>
    <Publisher>
      <UniqueName>Cra9bf2</UniqueName>
      <LocalizedNames>
        <LocalizedName description="CDS Default Publisher" languagecode="1033" />
      </LocalizedNames>
      <Descriptions />
      <EMailAddress xsi:nil="true"></EMailAddress>
      <SupportingWebsiteUrl xsi:nil="true"></SupportingWebsiteUrl>
      <CustomizationPrefix>cr916</CustomizationPrefix>
      <CustomizationOptionValuePrefix>42151</CustomizationOptionValuePrefix>
      <Addresses>
        <Address>
          <AddressNumber>1</AddressNumber>
          <AddressTypeCode xsi:nil="true"></AddressTypeCode>
          <City xsi:nil="true"></City>
          <County xsi:nil="true"></County>
          <Country xsi:nil="true"></Country>
          <Fax xsi:nil="true"></Fax>
          <FreightTermsCode xsi:nil="true"></FreightTermsCode>
          <ImportSequenceNumber xsi:nil="true"></ImportSequenceNumber>
          <Latitude xsi:nil="true"></Latitude>
          <Line1 xsi:nil="true"></Line1>
          <Line2 xsi:nil="true"></Line2>
          <Line3 xsi:nil="true"></Line3>
          <Longitude xsi:nil="true"></Longitude>
          <Name xsi:nil="true"></Name>
          <PostalCode xsi:nil="true"></PostalCode>
          <PostOfficeBox xsi:nil="true"></PostOfficeBox>
          <PrimaryContactName xsi:nil="true"></PrimaryContactName>
          <ShippingMethodCode xsi:nil="true"></ShippingMethodCode>
          <StateOrProvince xsi:nil="true"></StateOrProvince>
          <Telephone1 xsi:nil="true"></Telephone1>
          <Telephone2 xsi:nil="true"></Telephone2>
          <Telephone3 xsi:nil="true"></Telephone3>
          <TimeZoneRuleVersionNumber xsi:nil="true"></TimeZoneRuleVersionNumber>
          <UPSZone xsi:nil="true"></UPSZone>
          <UTCOffset xsi:nil="true"></UTCOffset>
          <UTCConversionTimeZoneCode xsi:nil="true"></UTCConversionTimeZoneCode>
        </Address>
        <Address>
          <AddressNumber>2</AddressNumber>
          <AddressTypeCode xsi:nil="true"></AddressTypeCode>
          <City xsi:nil="true"></City>
          <County xsi:nil="true"></County>
          <Country xsi:nil="true"></Country>
          <Fax xsi:nil="true"></Fax>
          <FreightTermsCode xsi:nil="true"></FreightTermsCode>
          <ImportSequenceNumber xsi:nil="true"></ImportSequenceNumber>
          <Latitude xsi:nil="true"></Latitude>
          <Line1 xsi:nil="true"></Line1>
          <Line2 xsi:nil="true"></Line2>
          <Line3 xsi:nil="true"></Line3>
          <Longitude xsi:nil="true"></Longitude>
          <Name xsi:nil="true"></Name>
          <PostalCode xsi:nil="true"></PostalCode>
          <PostOfficeBox xsi:nil="true"></PostOfficeBox>
          <PrimaryContactName xsi:nil="true"></PrimaryContactName>
          <ShippingMethodCode xsi:nil="true"></ShippingMethodCode>
          <StateOrProvince xsi:nil="true"></StateOrProvince>
          <Telephone1 xsi:nil="true"></Telephone1>
          <Telephone2 xsi:nil="true"></Telephone2>
          <Telephone3 xsi:nil="true"></Telephone3>
          <TimeZoneRuleVersionNumber xsi:nil="true"></TimeZoneRuleVersionNumber>
          <UPSZone xsi:nil="true"></UPSZone>
          <UTCOffset xsi:nil="true"></UTCOffset>
          <UTCConversionTimeZoneCode xsi:nil="true"></UTCConversionTimeZoneCode>
        </Address>
      </Addresses>
    </Publisher>
    <RootComponents>
      <RootComponent type="29" id="{00771647-bdaf-f011-bbd3-000d3a380059}" behavior="0" />
      <RootComponent type="29" id="{01771647-bdaf-f011-bbd3-000d3a380059}" behavior="0" />
      <RootComponent type="29" id="{02771647-bdaf-f011-bbd3-000d3a380059}" behavior="0" />
      <RootComponent type="29" id="{03771647-bdaf-f011-bbd3-000d3a380059}" behavior="0" />
      <RootComponent type="29" id="{0c212723-bdaf-f011-bbd3-000d3a380059}" behavior="0" />
      <RootComponent type="29" id="{0d212723-bdaf-f011-bbd3-000d3a380059}" behavior="0" />
      <RootComponent type="29" id="{0e212723-bdaf-f011-bbd3-000d3a380059}" behavior="0" />
      <RootComponent type="29" id="{27dcf852-bdaf-f011-bbd3-000d3a380059}" behavior="0" />
      <RootComponent type="29" id="{28dcf852-bdaf-f011-bbd3-000d3a380059}" behavior="0" />
      <RootComponent type="29" id="{29dcf852-bdaf-f011-bbd3-000d3a380059}" behavior="0" />
      <RootComponent type="29" id="{2adcf852-bdaf-f011-bbd3-000d3a380059}" behavior="0" />
      <RootComponent type="29" id="{59dcf852-bdaf-f011-bbd3-000d3a380059}" behavior="0" />
      <RootComponent type="29" id="{5adcf852-bdaf-f011-bbd3-000d3a380059}" behavior="0" />
      <RootComponent type="29" id="{62dcf852-bdaf-f011-bbd3-000d3a380059}" behavior="0" />
      <RootComponent type="29" id="{64dcf852-bdaf-f011-bbd3-000d3a380059}" behavior="0" />
      <RootComponent type="29" id="{65d32009-bdaf-f011-bbd3-000d3a380059}" behavior="0" />
      <RootComponent type="29" id="{78b89733-bdaf-f011-bbd3-000d3a380059}" behavior="0" />
      <RootComponent type="29" id="{79b89733-bdaf-f011-bbd3-000d3a380059}" behavior="0" />
      <RootComponent type="29" id="{7ab89733-bdaf-f011-bbd3-000d3a380059}" behavior="0" />
      <RootComponent type="29" id="{7bb89733-bdaf-f011-bbd3-000d3a380059}" behavior="0" />
      <RootComponent type="29" id="{8cdcf852-bdaf-f011-bbd3-000d3a380059}" behavior="0" />
      <RootComponent type="29" id="{92dcf852-bdaf-f011-bbd3-000d3a380059}" behavior="0" />
      <RootComponent type="29" id="{9bf6c5e6-eead-f011-bbd3-000d3a5a150a}" behavior="0" />
      <RootComponent type="29" id="{ac5e51b9-6ead-f011-bbd3-000d3a5a150a}" behavior="0" />
      <RootComponent type="29" id="{ae5e51b9-6ead-f011-bbd3-000d3a5a150a}" behavior="0" />
      <RootComponent type="29" id="{af5e51b9-6ead-f011-bbd3-000d3a5a150a}" behavior="0" />
      <RootComponent type="29" id="{fce02f2f-eead-f011-bbd3-000d3a5a150a}" behavior="0" />
      <RootComponent type="29" id="{fd40a65e-e6ad-f011-bbd3-000d3a5a150a}" behavior="0" />
    </RootComponents>
    <MissingDependencies />
  </SolutionManifest>
</ImportExportXml>